{"cameraMode":{"drawMode":0,"name":"Shaded","section":"Shading Mode"},"sceneLighting":false,"audioPlay":false,"sceneViewState":{"showFog":true,"showMaterialUpdate":false,"showSkybox":false,"showFlares":true,"showImageEffects":true,"showParticleSystems":true},"in2DMode":false,"pivot":{"x":5.02178430557251,"y":0.9821978807449341,"z":31.20663833618164},"rotation":{"x":0.07115636765956879,"y":0.3638094663619995,"z":-0.027885906398296357,"w":0.9283332824707031},"size":1.6303205490112305,"orthographic":false}