{"cameraMode":{"drawMode":0,"name":"Shaded","section":"Shading Mode"},"sceneLighting":true,"audioPlay":false,"sceneViewState":{"showFog":true,"showMaterialUpdate":false,"showSkybox":true,"showFlares":true,"showImageEffects":true,"showParticleSystems":true},"in2DMode":false,"pivot":{"x":-2.490358829498291,"y":-7.025440216064453,"z":-22.490745544433595},"rotation":{"x":-0.017897598445415498,"y":0.9752222895622253,"z":-0.2032797634601593,"w":-0.08593834936618805},"size":25.090673446655275,"orthographic":false}