{"cameraMode":{"drawMode":0,"name":"Shaded","section":"Shading Mode"},"sceneLighting":false,"audioPlay":false,"sceneViewState":{"showFog":true,"showMaterialUpdate":false,"showSkybox":false,"showFlares":true,"showImageEffects":true,"showParticleSystems":true},"in2DMode":false,"pivot":{"x":5.911065101623535,"y":0.46874475479125979,"z":52.650665283203128},"rotation":{"x":0.5776361227035523,"y":-0.224521204829216,"z":0.16923320293426515,"w":0.7663478255271912},"size":3.9972832202911379,"orthographic":false}