{"cameraMode":{"drawMode":0,"name":"Shaded","section":"Shading Mode"},"sceneLighting":false,"audioPlay":false,"sceneViewState":{"showFog":true,"showMaterialUpdate":false,"showSkybox":false,"showFlares":true,"showImageEffects":true,"showParticleSystems":true},"in2DMode":false,"pivot":{"x":43.34813690185547,"y":-56.65229797363281,"z":-7.4145355224609379},"rotation":{"x":-0.4790697991847992,"y":-0.08062873035669327,"z":0.04421535134315491,"w":-0.8729825019836426},"size":287.3204040527344,"orthographic":false}