{"cameraMode":{"drawMode":0,"name":"Shaded","section":"Shading Mode"},"sceneLighting":true,"audioPlay":false,"sceneViewState":{"showFog":true,"showMaterialUpdate":false,"showSkybox":true,"showFlares":true,"showImageEffects":true,"showParticleSystems":true},"in2DMode":false,"pivot":{"x":13.65271282196045,"y":-0.10631394386291504,"z":47.198768615722659},"rotation":{"x":-0.007468822877854109,"y":0.97031170129776,"z":-0.2408411204814911,"w":-0.028241800144314767},"size":4.075497150421143,"orthographic":false}