{"cameraMode":{"drawMode":0,"name":"Shaded","section":"Shading Mode"},"sceneLighting":false,"audioPlay":false,"sceneViewState":{"showFog":true,"showMaterialUpdate":false,"showSkybox":false,"showFlares":true,"showImageEffects":true,"showParticleSystems":true},"in2DMode":false,"pivot":{"x":3.6857590675354006,"y":-1.0012290477752686,"z":-1.4665666818618775},"rotation":{"x":0.49664196372032168,"y":-0.476245254278183,"z":0.3842538893222809,"w":0.6155390739440918},"size":3.6565678119659426,"orthographic":false}