{"cameraMode":{"drawMode":0,"name":"Shaded","section":"Shading Mode"},"sceneLighting":false,"audioPlay":false,"sceneViewState":{"showFog":true,"showMaterialUpdate":false,"showSkybox":false,"showFlares":true,"showImageEffects":true,"showParticleSystems":true},"in2DMode":false,"pivot":{"x":1.6702842712402344,"y":4.736635208129883,"z":-20.843713760375978},"rotation":{"x":0.19735604524612428,"y":0.7939821481704712,"z":-0.3355952799320221,"w":0.4669268727302551},"size":2.3134634494781496,"orthographic":false}