{"cameraMode":{"drawMode":0,"name":"Shaded","section":"Shading Mode"},"sceneLighting":true,"audioPlay":false,"sceneViewState":{"showFog":true,"showMaterialUpdate":false,"showSkybox":true,"showFlares":true,"showImageEffects":true,"showParticleSystems":true},"in2DMode":false,"pivot":{"x":118.73319244384766,"y":9.847622871398926,"z":5.139289855957031},"rotation":{"x":-0.016807906329631807,"y":0.011095461435616017,"z":-0.00018659885972738266,"w":-0.9997972249984741},"size":47.511234283447269,"orthographic":false}