{"cameraMode":{"drawMode":0,"name":"Shaded","section":"Shading Mode"},"sceneLighting":true,"audioPlay":false,"sceneViewState":{"showFog":true,"showMaterialUpdate":false,"showSkybox":true,"showFlares":true,"showImageEffects":true,"showParticleSystems":true},"in2DMode":false,"pivot":{"x":318.1282653808594,"y":238.0411376953125,"z":14.26104736328125},"rotation":{"x":-0.0010790738742798567,"y":0.9989470839500427,"z":-0.035376034677028659,"w":-0.03024212457239628},"size":590.5911865234375,"orthographic":false}