{"cameraMode":{"drawMode":0,"name":"Shaded","section":"Shading Mode"},"sceneLighting":false,"audioPlay":false,"sceneViewState":{"showFog":true,"showMaterialUpdate":false,"showSkybox":false,"showFlares":true,"showImageEffects":true,"showParticleSystems":true},"in2DMode":false,"pivot":{"x":2.435173273086548,"y":-0.4873998165130615,"z":-1.7490119934082032},"rotation":{"x":0.06461323797702789,"y":-0.9353626370429993,"z":0.24923482537269593,"w":0.24262364208698274},"size":5.333408355712891,"orthographic":false}