{"cameraMode":{"drawMode":0,"name":"Shaded","section":"Shading Mode"},"sceneLighting":true,"audioPlay":false,"sceneViewState":{"showFog":true,"showMaterialUpdate":false,"showSkybox":true,"showFlares":true,"showImageEffects":true,"showParticleSystems":true},"in2DMode":false,"pivot":{"x":-1.0065280199050904,"y":-18.793487548828126,"z":-1.720670223236084},"rotation":{"x":0.48909619450569155,"y":-0.5106959342956543,"z":0.4896851181983948,"w":0.5100817084312439},"size":26.265283584594728,"orthographic":false}