{"cameraMode":{"drawMode":0,"name":"Shaded","section":"Shading Mode"},"sceneLighting":true,"audioPlay":false,"sceneViewState":{"showFog":true,"showMaterialUpdate":false,"showSkybox":true,"showFlares":true,"showImageEffects":true,"showParticleSystems":true},"in2DMode":false,"pivot":{"x":29.17296600341797,"y":10.183690071105957,"z":-27.668350219726564},"rotation":{"x":-0.2548670172691345,"y":-0.6719076633453369,"z":0.6423240900039673,"w":-0.26657775044441225},"size":11.315296173095704,"orthographic":false}