{"cameraMode":{"drawMode":0,"name":"Shaded","section":"Shading Mode"},"sceneLighting":false,"audioPlay":false,"sceneViewState":{"showFog":true,"showMaterialUpdate":false,"showSkybox":false,"showFlares":true,"showImageEffects":true,"showParticleSystems":true},"in2DMode":false,"pivot":{"x":4.776914596557617,"y":0.48062053322792055,"z":-4.619352340698242},"rotation":{"x":-0.08750971406698227,"y":0.9130685925483704,"z":-0.27816012501716616,"w":-0.286201149225235},"size":2.994379997253418,"orthographic":false}