{"cameraMode":{"drawMode":0,"name":"Shaded","section":"Shading Mode"},"sceneLighting":true,"audioPlay":false,"sceneViewState":{"showFog":true,"showMaterialUpdate":false,"showSkybox":true,"showFlares":true,"showImageEffects":true,"showParticleSystems":true},"in2DMode":false,"pivot":{"x":93.2210922241211,"y":17.63802719116211,"z":22.5565185546875},"rotation":{"x":-0.015303803607821465,"y":-0.02639659494161606,"z":0.00040408759377896786,"w":-0.9995343685150147},"size":164.83042907714845,"orthographic":false}