{"cameraMode":{"drawMode":0,"name":"Shaded","section":"Shading Mode"},"sceneLighting":false,"audioPlay":false,"sceneViewState":{"showFog":true,"showMaterialUpdate":false,"showSkybox":false,"showFlares":true,"showImageEffects":true,"showParticleSystems":true},"in2DMode":false,"pivot":{"x":2.321277618408203,"y":1.416326642036438,"z":0.42868828773498537},"rotation":{"x":-0.014238930307328701,"y":0.9730504155158997,"z":-0.22148868441581727,"w":-0.0625549778342247},"size":4.46570348739624,"orthographic":false}