{"cameraMode":{"drawMode":0,"name":"Shaded","section":"Shading Mode"},"sceneLighting":true,"audioPlay":false,"sceneViewState":{"showFog":true,"showMaterialUpdate":false,"showSkybox":true,"showFlares":true,"showImageEffects":true,"showParticleSystems":true},"in2DMode":false,"pivot":{"x":9.809348106384278,"y":2.5782508850097658,"z":-19.290904998779298},"rotation":{"x":-0.18125998973846436,"y":-0.68604975938797,"z":-0.18249210715293885,"w":0.6807512640953064},"size":2.177002191543579,"orthographic":false}