{"cameraMode":{"drawMode":0,"name":"Shaded","section":"Shading Mode"},"sceneLighting":true,"audioPlay":false,"sceneViewState":{"showFog":true,"showMaterialUpdate":false,"showSkybox":true,"showFlares":true,"showImageEffects":true,"showParticleSystems":true},"in2DMode":false,"pivot":{"x":-1.3760027885437012,"y":7.621767044067383,"z":-9.72996997833252},"rotation":{"x":0.3382372558116913,"y":0.5814589262008667,"z":-0.2886696755886078,"w":0.6813015341758728},"size":8.256556510925293,"orthographic":false}