{"cameraMode":{"drawMode":0,"name":"Shaded","section":"Shading Mode"},"sceneLighting":false,"audioPlay":false,"sceneViewState":{"showFog":true,"showMaterialUpdate":false,"showSkybox":false,"showFlares":true,"showImageEffects":true,"showParticleSystems":true},"in2DMode":false,"pivot":{"x":4.2752580642700199,"y":1.0538071393966675,"z":5.091305732727051},"rotation":{"x":-0.006841275375336409,"y":-0.9063727855682373,"z":0.4221692681312561,"w":-0.014687802642583847},"size":1.6391785144805909,"orthographic":false}