{"cameraMode":{"drawMode":0,"name":"Shaded","section":"Shading Mode"},"sceneLighting":true,"audioPlay":false,"sceneViewState":{"showFog":true,"showMaterialUpdate":false,"showSkybox":true,"showFlares":true,"showImageEffects":true,"showParticleSystems":true},"in2DMode":false,"pivot":{"x":-16.347023010253908,"y":6.751369476318359,"z":-17.90230369567871},"rotation":{"x":-0.20109756290912629,"y":-0.6839035153388977,"z":0.205136239528656,"w":-0.6709567308425903},"size":26.269325256347658,"orthographic":false}