{"cameraMode":{"drawMode":0,"name":"Shaded","section":"Shading Mode"},"sceneLighting":true,"audioPlay":false,"sceneViewState":{"showFog":true,"showMaterialUpdate":false,"showSkybox":true,"showFlares":true,"showImageEffects":true,"showParticleSystems":true},"in2DMode":false,"pivot":{"x":5.092770576477051,"y":2.592834711074829,"z":-14.419537544250489},"rotation":{"x":-0.1672734022140503,"y":0.6883836388587952,"z":-0.1673508882522583,"w":-0.6861326694488525},"size":2.5461456775665285,"orthographic":false}