{"cameraMode":{"drawMode":0,"name":"Shaded","section":"Shading Mode"},"sceneLighting":true,"audioPlay":false,"sceneViewState":{"showFog":true,"showMaterialUpdate":false,"showSkybox":true,"showFlares":true,"showImageEffects":true,"showParticleSystems":true},"in2DMode":false,"pivot":{"x":115.67643737792969,"y":-69.08916473388672,"z":117.6644287109375},"rotation":{"x":-0.2807377576828003,"y":-0.06845816224813461,"z":0.02007950469851494,"w":-0.9571298360824585},"size":160.42576599121095,"orthographic":false}