{"cameraMode":{"drawMode":0,"name":"Shaded","section":"Shading Mode"},"sceneLighting":false,"audioPlay":false,"sceneViewState":{"showFog":true,"showMaterialUpdate":false,"showSkybox":false,"showFlares":true,"showImageEffects":true,"showParticleSystems":true},"in2DMode":false,"pivot":{"x":1.9802122116088868,"y":0.17787474393844605,"z":0.9304596185684204},"rotation":{"x":-0.381513386964798,"y":-0.5543272495269775,"z":0.31618499755859377,"w":-0.6687734723091126},"size":2.99438214302063,"orthographic":false}