{"cameraMode":{"drawMode":0,"name":"Shaded","section":"Shading Mode"},"sceneLighting":false,"audioPlay":false,"sceneViewState":{"showFog":true,"showMaterialUpdate":false,"showSkybox":false,"showFlares":true,"showImageEffects":true,"showParticleSystems":true},"in2DMode":false,"pivot":{"x":0.07812261581420899,"y":1.8723866939544678,"z":1.5564730167388917},"rotation":{"x":0.12570300698280335,"y":-0.3842981159687042,"z":0.05291035398840904,"w":0.9130874276161194},"size":7.7617974281311039,"orthographic":false}