{"cameraMode":{"drawMode":0,"name":"Shaded","section":"Shading Mode"},"sceneLighting":false,"audioPlay":false,"sceneViewState":{"showFog":true,"showMaterialUpdate":false,"showSkybox":false,"showFlares":true,"showImageEffects":true,"showParticleSystems":true},"in2DMode":false,"pivot":{"x":-2.2748641967773439,"y":0.023076772689819337,"z":-2.5413150787353517},"rotation":{"x":0.3493165969848633,"y":-0.21235045790672303,"z":0.08160530775785446,"w":0.9089705944061279},"size":2.557663679122925,"orthographic":false}